86cd70d2450e3f44f4a7c543f53008ee	HLI.IMG_2716884809.114361::16S_rRNA::Ga0172067_110:16285-17765(-)	100.000	374	0	0	1	374	473	846	0.0	691
86cd70d2450e3f44f4a7c543f53008ee	HLI.IMG_2716884805.114357::16S_rRNA::Ga0172043_104:48290-49770(+)	100.000	374	0	0	1	374	473	846	0.0	691
86cd70d2450e3f44f4a7c543f53008ee	HLI.IMG_2716884800.114352::16S_rRNA::Ga0172014_139:2596-4076(-)	100.000	374	0	0	1	374	473	846	0.0	691
86cd70d2450e3f44f4a7c543f53008ee	HLI.IMG_2716884798.114350::16S_rRNA::Ga0172009_101:115364-116844(+)	100.000	374	0	0	1	374	473	846	0.0	691
86cd70d2450e3f44f4a7c543f53008ee	HLI.IMG_2716884789.114341::16S_rRNA::Ga0172000_104:31160-32640(-)	100.000	374	0	0	1	374	473	846	0.0	691
86cd70d2450e3f44f4a7c543f53008ee	HLI.IMG_2716884783.114335::16S_rRNA::Ga0171981_102:89307-90787(-)	100.000	374	0	0	1	374	473	846	0.0	691
86cd70d2450e3f44f4a7c543f53008ee	HLI.IMG_2716884730.114282::16S_rRNA::Ga0171843_104:90-1570(+)	100.000	374	0	0	1	374	473	846	0.0	691
86cd70d2450e3f44f4a7c543f53008ee	HLI.IMG_2716884729.114281::16S_rRNA::Ga0171842_101:55229-56709(-)	100.000	374	0	0	1	374	473	846	0.0	691
86cd70d2450e3f44f4a7c543f53008ee	HLI.IMG_2716884728.114280::16S_rRNA::Ga0171841_110:31687-33167(+)	100.000	374	0	0	1	374	473	846	0.0	691
86cd70d2450e3f44f4a7c543f53008ee	HLI.IMG_2716884717.114269::16S_rRNA::Ga0171801_107:8452-9932(+)	100.000	374	0	0	1	374	473	846	0.0	691
86cd70d2450e3f44f4a7c543f53008ee	HLI.IMG_2716884712.114264::16S_rRNA::Ga0171796_132:41-1521(+)	100.000	374	0	0	1	374	473	846	0.0	691
86cd70d2450e3f44f4a7c543f53008ee	HLI.IMG_2716884704.114256::16S_rRNA::Ga0171770_110:10847-12327(+)	100.000	374	0	0	1	374	473	846	0.0	691
86cd70d2450e3f44f4a7c543f53008ee	HLI.IMG_2716884503.114051::16S_rRNA::Ga0172065_101:315320-316800(+)	100.000	374	0	0	1	374	473	846	0.0	691
86cd70d2450e3f44f4a7c543f53008ee	HLI.IMG_2716884499.114047::16S_rRNA::Ga0172061_116:26646-28126(-)	100.000	374	0	0	1	374	473	846	0.0	691
86cd70d2450e3f44f4a7c543f53008ee	HLI.IMG_2716884497.114045::16S_rRNA::Ga0172059_104:11886-13366(+)	100.000	374	0	0	1	374	473	846	0.0	691
86cd70d2450e3f44f4a7c543f53008ee	HLI.IMG_2716884496.114044::16S_rRNA::Ga0172058_138:5430-6910(-)	100.000	374	0	0	1	374	473	846	0.0	691
86cd70d2450e3f44f4a7c543f53008ee	HLI.IMG_2716884494.114042::16S_rRNA::Ga0172056_107:27363-28843(-)	100.000	374	0	0	1	374	473	846	0.0	691
86cd70d2450e3f44f4a7c543f53008ee	HLI.IMG_2716884493.114041::16S_rRNA::Ga0172054_103:9658-11138(-)	100.000	374	0	0	1	374	473	846	0.0	691
86cd70d2450e3f44f4a7c543f53008ee	HLI.IMG_2716884492.114040::16S_rRNA::Ga0172052_127:7367-8847(-)	100.000	374	0	0	1	374	473	846	0.0	691
86cd70d2450e3f44f4a7c543f53008ee	HLI.IMG_2716884491.114039::16S_rRNA::Ga0172051_105:46161-47641(+)	100.000	374	0	0	1	374	473	846	0.0	691
86cd70d2450e3f44f4a7c543f53008ee	HLI.IMG_2716884489.114037::16S_rRNA::Ga0172049_102:13862-15342(+)	100.000	374	0	0	1	374	473	846	0.0	691
86cd70d2450e3f44f4a7c543f53008ee	HLI.IMG_2716884487.114035::16S_rRNA::Ga0172046_107:9458-10938(+)	100.000	374	0	0	1	374	473	846	0.0	691
86cd70d2450e3f44f4a7c543f53008ee	HLI.IMG_2716884481.114029::16S_rRNA::Ga0172039_105:22690-24170(+)	100.000	374	0	0	1	374	473	846	0.0	691
86cd70d2450e3f44f4a7c543f53008ee	HLI.IMG_2716884480.114028::16S_rRNA::Ga0172038_101:33414-34894(-)	100.000	374	0	0	1	374	473	846	0.0	691
86cd70d2450e3f44f4a7c543f53008ee	HLI.IMG_2716884476.114024::16S_rRNA::Ga0172034_104:7375-8855(-)	100.000	374	0	0	1	374	473	846	0.0	691
86cd70d2450e3f44f4a7c543f53008ee	HLI.IMG_2716884475.114023::16S_rRNA::Ga0172033_101:19763-21243(-)	100.000	374	0	0	1	374	473	846	0.0	691
86cd70d2450e3f44f4a7c543f53008ee	HLI.IMG_2716884472.114020::16S_rRNA::Ga0172028_103:12433-13913(+)	100.000	374	0	0	1	374	473	846	0.0	691
86cd70d2450e3f44f4a7c543f53008ee	HLI.IMG_2716884369.113917::16S_rRNA::Ga0171846_109:95063-96543(+)	100.000	374	0	0	1	374	473	846	0.0	691
86cd70d2450e3f44f4a7c543f53008ee	HLI.IMG_2716884367.113915::16S_rRNA::Ga0171844_101:94917-96397(+)	100.000	374	0	0	1	374	473	846	0.0	691
86cd70d2450e3f44f4a7c543f53008ee	HLI.IMG_2716884343.113891::16S_rRNA::Ga0171804_134:63-1543(+)	100.000	374	0	0	1	374	473	846	0.0	691
86cd70d2450e3f44f4a7c543f53008ee	HLI.IMG_2716884282.113827::16S_rRNA::Ga0172084_112:4323-5803(-)	100.000	374	0	0	1	374	473	846	0.0	691
86cd70d2450e3f44f4a7c543f53008ee	HLI.IMG_2667527275.86037::16S_rRNA::Ga0115748_103:167995-169475(+)	100.000	374	0	0	1	374	473	846	0.0	691
86cd70d2450e3f44f4a7c543f53008ee	HLI.IMG_2606217689.58650::16S_rRNA::Ga0062502_16:458149-459629(-)	100.000	374	0	0	1	374	473	846	0.0	691
e9f376c867c2a1506d5b0996f9839a20	HLII.IMG_2716884797.114349::16S_rRNA::Ga0172008_105:70062-71542(+)	100.000	374	0	0	1	374	473	846	0.0	691
e9f376c867c2a1506d5b0996f9839a20	HLII.IMG_2716884794.114346::16S_rRNA::Ga0172005_140:4919-6396(-)	100.000	374	0	0	1	374	470	843	0.0	691
e9f376c867c2a1506d5b0996f9839a20	HLII.IMG_2716884792.114344::16S_rRNA::Ga0172003_118:4715-6195(+)	100.000	374	0	0	1	374	473	846	0.0	691
e9f376c867c2a1506d5b0996f9839a20	HLII.IMG_2716884790.114342::16S_rRNA::Ga0172001_136:2570-4050(+)	100.000	374	0	0	1	374	473	846	0.0	691
e9f376c867c2a1506d5b0996f9839a20	HLII.IMG_2716884787.114339::16S_rRNA::Ga0171989_101:107736-109216(+)	100.000	374	0	0	1	374	473	846	0.0	691
e9f376c867c2a1506d5b0996f9839a20	HLII.IMG_2716884786.114338::16S_rRNA::Ga0171988_106:49894-51374(-)	100.000	374	0	0	1	374	473	846	0.0	691
e9f376c867c2a1506d5b0996f9839a20	HLII.IMG_2716884785.114337::16S_rRNA::Ga0171987_101:19043-20523(-)	100.000	374	0	0	1	374	473	846	0.0	691
e9f376c867c2a1506d5b0996f9839a20	HLII.IMG_2716884782.114334::16S_rRNA::Ga0171980_121:16134-17614(-)	100.000	374	0	0	1	374	473	846	0.0	691
e9f376c867c2a1506d5b0996f9839a20	HLII.IMG_2716884776.114328::16S_rRNA::Ga0171943_106:33050-34530(-)	100.000	374	0	0	1	374	473	846	0.0	691
e9f376c867c2a1506d5b0996f9839a20	HLII.IMG_2716884773.114325::16S_rRNA::Ga0171940_102:163254-164735(+)	100.000	374	0	0	1	374	474	847	0.0	691
e9f376c867c2a1506d5b0996f9839a20	HLII.IMG_2716884765.114317::16S_rRNA::Ga0171914_129:5290-6723(-)	100.000	374	0	0	1	374	426	799	0.0	691
e9f376c867c2a1506d5b0996f9839a20	HLII.IMG_2716884760.114312::16S_rRNA::Ga0171909_101:160730-162210(+)	100.000	374	0	0	1	374	473	846	0.0	691
e9f376c867c2a1506d5b0996f9839a20	HLII.IMG_2716884478.114026::16S_rRNA::Ga0172036_105:41157-42637(+)	100.000	374	0	0	1	374	473	846	0.0	691
e9f376c867c2a1506d5b0996f9839a20	HLII.IMG_2716884458.114006::16S_rRNA::Ga0172010_106:151-1631(+)	100.000	374	0	0	1	374	473	846	0.0	691
e9f376c867c2a1506d5b0996f9839a20	HLII.IMG_2716884457.114005::16S_rRNA::Ga0171999_170:196-1676(-)	100.000	374	0	0	1	374	473	846	0.0	691
e9f376c867c2a1506d5b0996f9839a20	HLII.IMG_2716884453.114001::16S_rRNA::Ga0171995_112:7529-9009(+)	100.000	374	0	0	1	374	473	846	0.0	691
e9f376c867c2a1506d5b0996f9839a20	HLII.IMG_2716884452.114000::16S_rRNA::Ga0171994_123:5420-6900(-)	100.000	374	0	0	1	374	473	846	0.0	691
e9f376c867c2a1506d5b0996f9839a20	HLII.IMG_2716884449.113997::16S_rRNA::Ga0171991_111:19640-21120(-)	100.000	374	0	0	1	374	473	846	0.0	691
e9f376c867c2a1506d5b0996f9839a20	HLII.IMG_2716884448.113996::16S_rRNA::Ga0171985_124:10460-11940(-)	100.000	374	0	0	1	374	473	846	0.0	691
e9f376c867c2a1506d5b0996f9839a20	HLII.IMG_2716884446.113994::16S_rRNA::Ga0171983_104:24164-25644(+)	100.000	374	0	0	1	374	473	846	0.0	691
e9f376c867c2a1506d5b0996f9839a20	HLII.IMG_2716884430.113978::16S_rRNA::Ga0171961_101:148029-149509(+)	100.000	374	0	0	1	374	473	846	0.0	691
e9f376c867c2a1506d5b0996f9839a20	HLII.IMG_2716884423.113971::16S_rRNA::Ga0171948_142:1873-3353(-)	100.000	374	0	0	1	374	473	846	0.0	691
e9f376c867c2a1506d5b0996f9839a20	HLII.IMG_2716884421.113969::16S_rRNA::Ga0171946_127:4054-5534(-)	100.000	374	0	0	1	374	473	846	0.0	691
e9f376c867c2a1506d5b0996f9839a20	HLII.IMG_2716884419.113967::16S_rRNA::Ga0171944_124:5433-6913(-)	100.000	374	0	0	1	374	473	846	0.0	691
e9f376c867c2a1506d5b0996f9839a20	HLII.IMG_2716884416.113964::16S_rRNA::Ga0171936_113:9843-11323(-)	100.000	374	0	0	1	374	473	846	0.0	691
e9f376c867c2a1506d5b0996f9839a20	HLII.IMG_2716884415.113963::16S_rRNA::Ga0171935_102:19322-20802(-)	100.000	374	0	0	1	374	473	846	0.0	691
e9f376c867c2a1506d5b0996f9839a20	HLII.IMG_2716884413.113961::16S_rRNA::Ga0171933_105:61473-62953(-)	100.000	374	0	0	1	374	473	846	0.0	691
e9f376c867c2a1506d5b0996f9839a20	HLII.IMG_2716884411.113959::16S_rRNA::Ga0171931_107:9897-11377(+)	100.000	374	0	0	1	374	473	846	0.0	691
e9f376c867c2a1506d5b0996f9839a20	HLII.IMG_2716884407.113955::16S_rRNA::Ga0171927_106:4877-6357(+)	100.000	374	0	0	1	374	473	846	0.0	691
e9f376c867c2a1506d5b0996f9839a20	HLII.IMG_2716884404.113952::16S_rRNA::Ga0171924_101:63753-65233(+)	100.000	374	0	0	1	374	473	846	0.0	691
e9f376c867c2a1506d5b0996f9839a20	HLII.IMG_2716884383.113931::16S_rRNA::Ga0171865_105:95760-97240(+)	100.000	374	0	0	1	374	473	846	0.0	691
e9f376c867c2a1506d5b0996f9839a20	HLII.IMG_2716884380.113928::16S_rRNA::Ga0171859_108:19308-20788(+)	100.000	374	0	0	1	374	473	846	0.0	691
e9f376c867c2a1506d5b0996f9839a20	HLII.IMG_2716884378.113926::16S_rRNA::Ga0171857_120:5150-6630(-)	100.000	374	0	0	1	374	473	846	0.0	691
e9f376c867c2a1506d5b0996f9839a20	HLII.IMG_2716884372.113920::16S_rRNA::Ga0171850_104:17160-18640(+)	100.000	374	0	0	1	374	473	846	0.0	691
e9f376c867c2a1506d5b0996f9839a20	HLII.IMG_2716884366.113914::16S_rRNA::Ga0171839_102:35803-37283(-)	100.000	374	0	0	1	374	473	846	0.0	691
e9f376c867c2a1506d5b0996f9839a20	HLII.IMG_2716884363.113911::16S_rRNA::Ga0171836_136:412-1892(+)	100.000	374	0	0	1	374	473	846	0.0	691
e9f376c867c2a1506d5b0996f9839a20	HLII.IMG_2716884361.113909::16S_rRNA::Ga0171834_103:84897-86377(+)	100.000	374	0	0	1	374	473	846	0.0	691
e9f376c867c2a1506d5b0996f9839a20	HLII.IMG_2716884360.113908::16S_rRNA::Ga0171830_110:16869-18349(+)	100.000	374	0	0	1	374	473	846	0.0	691
e9f376c867c2a1506d5b0996f9839a20	HLII.IMG_2716884359.113907::16S_rRNA::Ga0171828_110:5028-6508(-)	100.000	374	0	0	1	374	473	846	0.0	691
e9f376c867c2a1506d5b0996f9839a20	HLII.IMG_2716884358.113906::16S_rRNA::Ga0171827_101:179867-181347(+)	100.000	374	0	0	1	374	473	846	0.0	691
e9f376c867c2a1506d5b0996f9839a20	HLII.IMG_2716884264.113809::16S_rRNA::Ga0171833_101:279456-280936(+)	100.000	374	0	0	1	374	473	846	0.0	691
e9f376c867c2a1506d5b0996f9839a20	HLII.IMG_2716884262.113807::16S_rRNA::Ga0171831_109:43217-44697(+)	100.000	374	0	0	1	374	473	846	0.0	691
e9f376c867c2a1506d5b0996f9839a20	HLII.IMG_2667527351.86113::16S_rRNA::Ga0115787_109:16204-17684(-)	100.000	374	0	0	1	374	473	846	0.0	691
e9f376c867c2a1506d5b0996f9839a20	HLII.IMG_2667527350.86112::16S_rRNA::Ga0115786_133:2-1338(+)	100.000	374	0	0	1	374	329	702	0.0	691
e9f376c867c2a1506d5b0996f9839a20	HLII.IMG_2667527349.86111::16S_rRNA::Ga0115785_105:69100-70580(+)	100.000	374	0	0	1	374	473	846	0.0	691
e9f376c867c2a1506d5b0996f9839a20	HLII.IMG_2667527348.86110::16S_rRNA::Ga0115784_111:47886-49366(+)	100.000	374	0	0	1	374	473	846	0.0	691
e9f376c867c2a1506d5b0996f9839a20	HLII.IMG_2667527347.86109::16S_rRNA::Ga0115779_102:55686-57166(+)	100.000	374	0	0	1	374	473	846	0.0	691
e9f376c867c2a1506d5b0996f9839a20	HLII.IMG_2667527346.86108::16S_rRNA::Ga0115765_103:41288-42768(+)	100.000	374	0	0	1	374	473	846	0.0	691
e9f376c867c2a1506d5b0996f9839a20	HLII.IMG_2667527343.86105::16S_rRNA::Ga0115737_102:16228-17708(-)	100.000	374	0	0	1	374	473	846	0.0	691
e9f376c867c2a1506d5b0996f9839a20	HLII.IMG_2667527338.86100::16S_rRNA::Ga0115699_105:85885-87365(+)	100.000	374	0	0	1	374	473	846	0.0	691
e9f376c867c2a1506d5b0996f9839a20	HLII.IMG_2667527335.86097::16S_rRNA::Ga0115696_126:5075-6555(-)	100.000	374	0	0	1	374	473	846	0.0	691
e9f376c867c2a1506d5b0996f9839a20	HLII.IMG_2667527334.86096::16S_rRNA::Ga0115695_102:174780-176260(+)	100.000	374	0	0	1	374	473	846	0.0	691
e9f376c867c2a1506d5b0996f9839a20	HLII.IMG_2667527332.86094::16S_rRNA::Ga0115693_103:16210-17690(-)	100.000	374	0	0	1	374	473	846	0.0	691
e9f376c867c2a1506d5b0996f9839a20	HLII.IMG_2667527330.86092::16S_rRNA::Ga0115691_101:128449-129929(-)	100.000	374	0	0	1	374	473	846	0.0	691
e9f376c867c2a1506d5b0996f9839a20	HLII.IMG_2667527329.86091::16S_rRNA::Ga0115690_101:78697-80177(-)	100.000	374	0	0	1	374	473	846	0.0	691
e9f376c867c2a1506d5b0996f9839a20	HLII.IMG_2667527323.86085::16S_rRNA::Ga0115704_123:3392-4872(+)	100.000	374	0	0	1	374	473	846	0.0	691
e9f376c867c2a1506d5b0996f9839a20	HLII.IMG_2667527308.86070::16S_rRNA::Ga0115783_104:16325-17805(-)	100.000	374	0	0	1	374	473	846	0.0	691
e9f376c867c2a1506d5b0996f9839a20	HLII.IMG_2667527307.86069::16S_rRNA::Ga0115782_103:45815-47295(+)	100.000	374	0	0	1	374	473	846	0.0	691
e9f376c867c2a1506d5b0996f9839a20	HLII.IMG_2667527306.86068::16S_rRNA::Ga0115781_108:45880-47360(+)	100.000	374	0	0	1	374	473	846	0.0	691
e9f376c867c2a1506d5b0996f9839a20	HLII.IMG_2667527305.86067::16S_rRNA::Ga0115780_101:109336-110816(-)	100.000	374	0	0	1	374	473	846	0.0	691
e9f376c867c2a1506d5b0996f9839a20	HLII.IMG_2667527303.86065::16S_rRNA::Ga0115777_103:57800-59280(-)	100.000	374	0	0	1	374	473	846	0.0	691
e9f376c867c2a1506d5b0996f9839a20	HLII.IMG_2667527301.86063::16S_rRNA::Ga0115775_103:2041-3521(+)	100.000	374	0	0	1	374	473	846	0.0	691
e9f376c867c2a1506d5b0996f9839a20	HLII.IMG_2667527298.86060::16S_rRNA::Ga0115772_102:32423-33903(-)	100.000	374	0	0	1	374	473	846	0.0	691
e9f376c867c2a1506d5b0996f9839a20	HLII.IMG_2667527297.86059::16S_rRNA::Ga0115771_120:6015-7495(-)	100.000	374	0	0	1	374	473	846	0.0	691
e9f376c867c2a1506d5b0996f9839a20	HLII.IMG_2667527296.86058::16S_rRNA::Ga0115770_110:34448-35928(-)	100.000	374	0	0	1	374	473	846	0.0	691
e9f376c867c2a1506d5b0996f9839a20	HLII.IMG_2667527295.86057::16S_rRNA::Ga0115769_105:33439-34919(-)	100.000	374	0	0	1	374	473	846	0.0	691
e9f376c867c2a1506d5b0996f9839a20	HLII.IMG_2667527294.86056::16S_rRNA::Ga0115768_103:136889-138369(+)	100.000	374	0	0	1	374	473	846	0.0	691
e9f376c867c2a1506d5b0996f9839a20	HLII.IMG_2667527293.86055::16S_rRNA::Ga0115767_105:71101-72581(-)	100.000	374	0	0	1	374	473	846	0.0	691
e9f376c867c2a1506d5b0996f9839a20	HLII.IMG_2667527292.86054::16S_rRNA::Ga0115766_107:46606-48086(-)	100.000	374	0	0	1	374	473	846	0.0	691
e9f376c867c2a1506d5b0996f9839a20	HLII.IMG_2667527291.86053::16S_rRNA::Ga0115764_102:85725-87205(+)	100.000	374	0	0	1	374	473	846	0.0	691
e9f376c867c2a1506d5b0996f9839a20	HLII.IMG_2667527290.86052::16S_rRNA::Ga0115763_123:3384-4864(-)	100.000	374	0	0	1	374	473	846	0.0	691
e9f376c867c2a1506d5b0996f9839a20	HLII.IMG_2667527289.86051::16S_rRNA::Ga0115762_102:58049-59529(-)	100.000	374	0	0	1	374	473	846	0.0	691
e9f376c867c2a1506d5b0996f9839a20	HLII.IMG_2667527288.86050::16S_rRNA::Ga0115761_127:424-1904(+)	100.000	374	0	0	1	374	473	846	0.0	691
e9f376c867c2a1506d5b0996f9839a20	HLII.IMG_2667527285.86047::16S_rRNA::Ga0115758_106:11244-12724(-)	100.000	374	0	0	1	374	473	846	0.0	691
e9f376c867c2a1506d5b0996f9839a20	HLII.IMG_2667527284.86046::16S_rRNA::Ga0115757_108:60-1540(+)	100.000	374	0	0	1	374	473	846	0.0	691
e9f376c867c2a1506d5b0996f9839a20	HLII.IMG_2667527283.86045::16S_rRNA::Ga0115756_101:97138-98618(-)	100.000	374	0	0	1	374	473	846	0.0	691
e9f376c867c2a1506d5b0996f9839a20	HLII.IMG_2667527277.86039::16S_rRNA::Ga0115750_135:5312-6792(-)	100.000	374	0	0	1	374	473	846	0.0	691
e9f376c867c2a1506d5b0996f9839a20	HLII.IMG_2667527263.86025::16S_rRNA::Ga0115732_107:78780-80115(-)	100.000	374	0	0	1	374	328	701	0.0	691
e9f376c867c2a1506d5b0996f9839a20	HLII.IMG_2667527255.86017::16S_rRNA::Ga0115724_101:19091-20571(-)	100.000	374	0	0	1	374	473	846	0.0	691
e9f376c867c2a1506d5b0996f9839a20	HLII.IMG_2667527253.86015::16S_rRNA::Ga0115722_104:45915-47395(+)	100.000	374	0	0	1	374	473	846	0.0	691
e9f376c867c2a1506d5b0996f9839a20	HLII.IMG_2667527252.86014::16S_rRNA::Ga0115721_105:14097-15577(-)	100.000	374	0	0	1	374	473	846	0.0	691
e9f376c867c2a1506d5b0996f9839a20	HLII.IMG_2667527250.86012::16S_rRNA::Ga0115719_126:118-1598(+)	100.000	374	0	0	1	374	473	846	0.0	691
e9f376c867c2a1506d5b0996f9839a20	HLII.IMG_2667527249.86011::16S_rRNA::Ga0115718_137:427-1907(+)	100.000	374	0	0	1	374	473	846	0.0	691
e9f376c867c2a1506d5b0996f9839a20	HLII.IMG_2667527248.86010::16S_rRNA::Ga0115717_107:20574-22054(-)	100.000	374	0	0	1	374	473	846	0.0	691
e9f376c867c2a1506d5b0996f9839a20	HLII.IMG_2667527247.86009::16S_rRNA::Ga0115716_107:28840-30320(-)	100.000	374	0	0	1	374	473	846	0.0	691
e9f376c867c2a1506d5b0996f9839a20	HLII.IMG_2667527246.86008::16S_rRNA::Ga0115715_102:125728-127208(+)	100.000	374	0	0	1	374	473	846	0.0	691
e9f376c867c2a1506d5b0996f9839a20	HLII.IMG_2667527244.86006::16S_rRNA::Ga0115713_103:64466-65946(+)	100.000	374	0	0	1	374	473	846	0.0	691
e9f376c867c2a1506d5b0996f9839a20	HLII.IMG_2667527242.86004::16S_rRNA::Ga0115711_120:415-1895(+)	100.000	374	0	0	1	374	473	846	0.0	691
e9f376c867c2a1506d5b0996f9839a20	HLII.IMG_2667527241.86003::16S_rRNA::Ga0115710_101:135398-136878(+)	100.000	374	0	0	1	374	473	846	0.0	691
e9f376c867c2a1506d5b0996f9839a20	HLII.IMG_2606217688.58649::16S_rRNA::Ga0062501_11:1586261-1587741(+)	100.000	374	0	0	1	374	473	846	0.0	691
e9f376c867c2a1506d5b0996f9839a20	HLII.IMG_2606217683.58644::16S_rRNA::Ga0062467_107:110858-112338(+)	100.000	374	0	0	1	374	473	846	0.0	691
e9f376c867c2a1506d5b0996f9839a20	HLII.IMG_2606217679.58640::16S_rRNA::Ga0062463_104:11396-12876(+)	100.000	374	0	0	1	374	473	846	0.0	691
e9f376c867c2a1506d5b0996f9839a20	HLII.IMG_2606217606.58567::16S_rRNA::Ga0062499_103:297420-298900(+)	100.000	374	0	0	1	374	473	846	0.0	691
e9f376c867c2a1506d5b0996f9839a20	HLII.IMG_2606217316.58277::16S_rRNA::Ga0062470_103:7285-8765(+)	100.000	374	0	0	1	374	473	846	0.0	691
e9f376c867c2a1506d5b0996f9839a20	HLII.IMG_2606217312.58273::16S_rRNA::Ga0062474_108:124972-126452(-)	100.000	374	0	0	1	374	473	846	0.0	691
d089e76cb77366eba904ed413876e849	HLII.IMG_2716884793.114345::16S_rRNA::Ga0172004_116:3550-5030(-)	100.000	374	0	0	1	374	473	846	0.0	691
d089e76cb77366eba904ed413876e849	HLII.IMG_2716884784.114336::16S_rRNA::Ga0171986_105:35847-37327(+)	100.000	374	0	0	1	374	473	846	0.0	691
d089e76cb77366eba904ed413876e849	HLII.IMG_2716884775.114327::16S_rRNA::Ga0171942_127:2399-3879(+)	100.000	374	0	0	1	374	473	846	0.0	691
d089e76cb77366eba904ed413876e849	HLII.IMG_2716884774.114326::16S_rRNA::Ga0171941_102:8881-10361(-)	100.000	374	0	0	1	374	473	846	0.0	691
d089e76cb77366eba904ed413876e849	HLII.IMG_2716884771.114323::16S_rRNA::Ga0171923_103:15810-17290(-)	100.000	374	0	0	1	374	473	846	0.0	691
d089e76cb77366eba904ed413876e849	HLII.IMG_2716884770.114322::16S_rRNA::Ga0171920_101:160064-161544(+)	100.000	374	0	0	1	374	473	846	0.0	691
d089e76cb77366eba904ed413876e849	HLII.IMG_2716884769.114321::16S_rRNA::Ga0171918_101:160495-161975(-)	100.000	374	0	0	1	374	473	846	0.0	691
d089e76cb77366eba904ed413876e849	HLII.IMG_2716884767.114319::16S_rRNA::Ga0171916_122:102-1582(+)	100.000	374	0	0	1	374	473	846	0.0	691
d089e76cb77366eba904ed413876e849	HLII.IMG_2716884735.114287::16S_rRNA::Ga0171867_101:142711-144191(+)	100.000	374	0	0	1	374	473	846	0.0	691
d089e76cb77366eba904ed413876e849	HLII.IMG_2716884474.114022::16S_rRNA::Ga0172032_145:1658-3138(-)	100.000	374	0	0	1	374	473	846	0.0	691
d089e76cb77366eba904ed413876e849	HLII.IMG_2716884420.113968::16S_rRNA::Ga0171945_101:3294-4774(-)	100.000	374	0	0	1	374	473	846	0.0	691
d089e76cb77366eba904ed413876e849	HLII.IMG_2716884417.113965::16S_rRNA::Ga0171937_102:47802-49282(-)	100.000	374	0	0	1	374	473	846	0.0	691
d089e76cb77366eba904ed413876e849	HLII.IMG_2716884405.113953::16S_rRNA::Ga0171925_101:76421-77901(-)	100.000	374	0	0	1	374	473	846	0.0	691
d089e76cb77366eba904ed413876e849	HLII.IMG_2716884403.113951::16S_rRNA::Ga0171922_101:93044-94524(+)	100.000	374	0	0	1	374	473	846	0.0	691
d089e76cb77366eba904ed413876e849	HLII.IMG_2716884368.113916::16S_rRNA::Ga0171845_111:33515-34995(-)	100.000	374	0	0	1	374	473	846	0.0	691
d089e76cb77366eba904ed413876e849	HLII.IMG_2667527341.86103::16S_rRNA::Ga0115702_107:77771-79251(-)	100.000	374	0	0	1	374	473	846	0.0	691
d089e76cb77366eba904ed413876e849	HLII.IMG_2667527339.86101::16S_rRNA::Ga0115700_108:62029-63509(+)	100.000	374	0	0	1	374	473	846	0.0	691
d089e76cb77366eba904ed413876e849	HLII.IMG_2667527321.86083::16S_rRNA::Ga0115827_119:5231-6711(-)	100.000	374	0	0	1	374	473	846	0.0	691
d089e76cb77366eba904ed413876e849	HLII.IMG_2667527287.86049::16S_rRNA::Ga0115760_116:25229-26709(+)	100.000	374	0	0	1	374	473	846	0.0	691
d089e76cb77366eba904ed413876e849	HLII.IMG_2667527278.86040::16S_rRNA::Ga0115751_101:200871-202351(-)	100.000	374	0	0	1	374	473	846	0.0	691
d089e76cb77366eba904ed413876e849	HLII.IMG_2667527271.86033::16S_rRNA::Ga0115744_148:929-2409(-)	100.000	374	0	0	1	374	473	846	0.0	691
d089e76cb77366eba904ed413876e849	HLII.IMG_2667527254.86016::16S_rRNA::Ga0115723_104:6046-7526(+)	100.000	374	0	0	1	374	473	846	0.0	691
d089e76cb77366eba904ed413876e849	HLII.IMG_2667527245.86007::16S_rRNA::Ga0115714_108:79450-80930(+)	100.000	374	0	0	1	374	473	846	0.0	691
d089e76cb77366eba904ed413876e849	HLII.IMG_2667527240.86002::16S_rRNA::Ga0115709_101:91244-92724(-)	100.000	374	0	0	1	374	473	846	0.0	691
d089e76cb77366eba904ed413876e849	HLII.IMG_2667527239.86001::16S_rRNA::Ga0115708_120:4029-5509(-)	100.000	374	0	0	1	374	473	846	0.0	691
d089e76cb77366eba904ed413876e849	HLII.IMG_2606217692.58653::16S_rRNA::Ga0062505_108:96926-98406(-)	100.000	374	0	0	1	374	473	846	0.0	691
d089e76cb77366eba904ed413876e849	HLII.IMG_2606217691.58652::16S_rRNA::Ga0062504_114:95368-96848(+)	100.000	374	0	0	1	374	473	846	0.0	691
d089e76cb77366eba904ed413876e849	HLII.IMG_2606217690.58651::16S_rRNA::Ga0062503_114:54036-55516(-)	100.000	374	0	0	1	374	473	846	0.0	691
d089e76cb77366eba904ed413876e849	HLII.IMG_2606217687.58648::16S_rRNA::Ga0062500_109:57338-58818(-)	100.000	374	0	0	1	374	473	846	0.0	691
d089e76cb77366eba904ed413876e849	HLII.IMG_2606217318.58279::16S_rRNA::Ga0062472_105:18446-19926(+)	100.000	374	0	0	1	374	473	846	0.0	691
27ca2b8f287c3a7e4d864cc870cf67b7	LLI.IMG_2716884778.114330::16S_rRNA::Ga0171955_112:3210-4690(+)	100.000	374	0	0	1	374	473	846	0.0	691
27ca2b8f287c3a7e4d864cc870cf67b7	LLI.IMG_2667527279.86041::16S_rRNA::Ga0115752_118:11519-12999(-)	100.000	374	0	0	1	374	473	846	0.0	691
27ca2b8f287c3a7e4d864cc870cf67b7	HLI.IMG_2716884807.114359::16S_rRNA::Ga0172053_102:24523-26003(+)	100.000	374	0	0	1	374	473	846	0.0	691
27ca2b8f287c3a7e4d864cc870cf67b7	HLI.IMG_2716884804.114356::16S_rRNA::Ga0172030_136:5626-7106(-)	100.000	374	0	0	1	374	473	846	0.0	691
27ca2b8f287c3a7e4d864cc870cf67b7	HLI.IMG_2716884502.114050::16S_rRNA::Ga0172064_126:3737-5173(-)	100.000	374	0	0	1	374	429	802	0.0	691
27ca2b8f287c3a7e4d864cc870cf67b7	HLI.IMG_2716884495.114043::16S_rRNA::Ga0172057_103:27785-29265(+)	100.000	374	0	0	1	374	473	846	0.0	691
27ca2b8f287c3a7e4d864cc870cf67b7	HLI.IMG_2716884483.114031::16S_rRNA::Ga0172041_112:6773-8253(-)	100.000	374	0	0	1	374	473	846	0.0	691
27ca2b8f287c3a7e4d864cc870cf67b7	HLI.IMG_2716884473.114021::16S_rRNA::Ga0172031_119:2337-3817(+)	100.000	374	0	0	1	374	473	846	0.0	691
7fda097303c92051e93b901f30103dcd	Prochlorococcus-HL-unclassified.IMG_2716884450.113998::16S_rRNA::Ga0171992_106:13752-15232(+)	100.000	374	0	0	1	374	473	846	0.0	691
7fda097303c92051e93b901f30103dcd	HLI.IMG_2716884490.114038::16S_rRNA::Ga0172050_105:44900-46380(+)	100.000	374	0	0	1	374	473	846	0.0	691
7fda097303c92051e93b901f30103dcd	HLI.IMG_2716884484.114032::16S_rRNA::Ga0172042_156:0-1076(-)	100.000	374	0	0	1	374	114	487	0.0	691
12410564eef73c3c877af2b6ea638ba2	LLI.IMG_2716884791.114343::16S_rRNA::Ga0172002_109:10162-11642(+)	100.000	374	0	0	1	374	473	846	0.0	691
12410564eef73c3c877af2b6ea638ba2	LLI.IMG_2716884781.114333::16S_rRNA::Ga0171958_102:32265-33745(+)	100.000	374	0	0	1	374	473	846	0.0	691
12410564eef73c3c877af2b6ea638ba2	LLI.IMG_2716884738.114290::16S_rRNA::Ga0171879_104:104720-106200(-)	100.000	374	0	0	1	374	473	846	0.0	691
12410564eef73c3c877af2b6ea638ba2	LLI.IMG_2716884434.113982::16S_rRNA::Ga0171965_115:344-1824(+)	100.000	374	0	0	1	374	473	846	0.0	691
12410564eef73c3c877af2b6ea638ba2	LLI.IMG_2716884385.113933::16S_rRNA::Ga0171868_104:61641-63121(+)	100.000	374	0	0	1	374	473	846	0.0	691
12410564eef73c3c877af2b6ea638ba2	LLI.IMG_2716884382.113930::16S_rRNA::Ga0171864_105:59945-61425(-)	100.000	374	0	0	1	374	473	846	0.0	691
12410564eef73c3c877af2b6ea638ba2	LLI.IMG_2716884377.113925::16S_rRNA::Ga0171856_104:90108-91588(+)	100.000	374	0	0	1	374	473	846	0.0	691
12410564eef73c3c877af2b6ea638ba2	LLI.IMG_2716884265.113810::16S_rRNA::Ga0171860_139:2167-3647(+)	100.000	374	0	0	1	374	473	846	0.0	691
12410564eef73c3c877af2b6ea638ba2	LLI.IMG_2681813567.91164::16S_rRNA::Ga0132160_11:1740975-1742455(+)	100.000	374	0	0	1	374	473	846	0.0	691
12410564eef73c3c877af2b6ea638ba2	LLI.IMG_2681812859.89641::16S_rRNA::Ga0130033_11:1734936-1736416(+)	100.000	374	0	0	1	374	473	846	0.0	691
12410564eef73c3c877af2b6ea638ba2	LLI.IMG_2667527355.86117::16S_rRNA::Ga0115791_104:57358-58838(+)	100.000	374	0	0	1	374	473	846	0.0	691
12410564eef73c3c877af2b6ea638ba2	LLI.IMG_2667527270.86032::16S_rRNA::Ga0115743_104:11876-13356(-)	100.000	374	0	0	1	374	473	846	0.0	691
12410564eef73c3c877af2b6ea638ba2	LLI.IMG_2667527260.86022::16S_rRNA::Ga0115729_106:8863-10343(-)	100.000	374	0	0	1	374	473	846	0.0	691
3f75af9bba716b458ed2573d8ed7f5cc	LLI.IMG_2716884799.114351::16S_rRNA::Ga0172012_134:6055-7535(-)	100.000	374	0	0	1	374	473	846	0.0	691
3f75af9bba716b458ed2573d8ed7f5cc	LLI.IMG_2716884777.114329::16S_rRNA::Ga0171951_113:8207-9687(+)	100.000	374	0	0	1	374	473	846	0.0	691
3f75af9bba716b458ed2573d8ed7f5cc	LLI.IMG_2716884763.114315::16S_rRNA::Ga0171912_109:58524-60004(+)	100.000	374	0	0	1	374	473	846	0.0	691
3f75af9bba716b458ed2573d8ed7f5cc	LLI.IMG_2716884757.114309::16S_rRNA::Ga0171906_103:13429-14909(-)	100.000	374	0	0	1	374	473	846	0.0	691
3f75af9bba716b458ed2573d8ed7f5cc	LLI.IMG_2716884725.114277::16S_rRNA::Ga0171815_113:9208-10688(+)	100.000	374	0	0	1	374	473	846	0.0	691
3f75af9bba716b458ed2573d8ed7f5cc	LLI.IMG_2716884381.113929::16S_rRNA::Ga0171861_123:11176-12656(-)	100.000	374	0	0	1	374	473	846	0.0	691
3f75af9bba716b458ed2573d8ed7f5cc	LLI.IMG_2716884370.113918::16S_rRNA::Ga0171848_116:13336-14816(-)	100.000	374	0	0	1	374	473	846	0.0	691
3f75af9bba716b458ed2573d8ed7f5cc	LLI.IMG_2681812901.89836::16S_rRNA::Ga0131676_11:1810055-1811535(+)	100.000	374	0	0	1	374	473	846	0.0	691
7a1011dfbc8b253cb0032a00e74454e9	HLI.IMG_2716884802.114354::16S_rRNA::Ga0172027_115:1887-3367(-)	100.000	374	0	0	1	374	473	846	0.0	691
7a1011dfbc8b253cb0032a00e74454e9	HLI.IMG_2716884731.114283::16S_rRNA::Ga0171847_116:4798-6278(-)	100.000	374	0	0	1	374	473	846	0.0	691
7a1011dfbc8b253cb0032a00e74454e9	HLI.IMG_2716884506.114054::16S_rRNA::Ga0172069_102:36989-38469(-)	100.000	374	0	0	1	374	473	846	0.0	691
7a1011dfbc8b253cb0032a00e74454e9	HLI.IMG_2716884447.113995::16S_rRNA::Ga0171984_105:50163-51643(+)	100.000	374	0	0	1	374	473	846	0.0	691
7a1011dfbc8b253cb0032a00e74454e9	HLI.IMG_2716884272.113817::16S_rRNA::Ga0172070_111:17639-19119(+)	100.000	374	0	0	1	374	473	846	0.0	691
4cab0df7abb88b31989680d38a6e8df1	5.1A-II.IMG_2716884614.114166::16S_rRNA::Ga0171699_126:1576-3057(-)	100.000	374	0	0	1	374	474	847	0.0	691
4cab0df7abb88b31989680d38a6e8df1	5.1A-II.IMG_2716884610.114162::16S_rRNA::Ga0171695_1074:3871-5352(-)	100.000	374	0	0	1	374	474	847	0.0	691
4cab0df7abb88b31989680d38a6e8df1	5.1A-II.IMG_2716884609.114161::16S_rRNA::Ga0171694_1049:477-1958(+)	100.000	374	0	0	1	374	474	847	0.0	691
4cab0df7abb88b31989680d38a6e8df1	5.1A-II.IMG_2716884607.114159::16S_rRNA::Ga0171692_1012:14848-16329(+)	100.000	374	0	0	1	374	474	847	0.0	691
4cab0df7abb88b31989680d38a6e8df1	5.1A-III.IMG_2716884608.114160::16S_rRNA::Ga0171693_1006:10818-12298(+)	100.000	374	0	0	1	374	473	846	0.0	691
8e8c9fdc7c501094f3925d17e4ab91b0	HLVI.IMG_2716884756.114308::16S_rRNA::Ga0171905_101:54312-55792(-)	100.000	374	0	0	1	374	473	846	0.0	691
8e8c9fdc7c501094f3925d17e4ab91b0	HLVI.IMG_2716884432.113980::16S_rRNA::Ga0171963_102:127129-128609(+)	100.000	374	0	0	1	374	473	846	0.0	691
8e8c9fdc7c501094f3925d17e4ab91b0	HLVI.IMG_2667527373.86135::16S_rRNA::Ga0115810_111:24659-26139(+)	100.000	374	0	0	1	374	473	846	0.0	691
8e8c9fdc7c501094f3925d17e4ab91b0	HLVI.IMG_2667527317.86079::16S_rRNA::Ga0115823_111:10342-11822(+)	100.000	374	0	0	1	374	473	846	0.0	691
8e8c9fdc7c501094f3925d17e4ab91b0	HLI.IMG_2716884707.114259::16S_rRNA::Ga0171773_120:498-1978(+)	100.000	374	0	0	1	374	473	846	0.0	691
8e8c9fdc7c501094f3925d17e4ab91b0	HLI.IMG_2716884706.114258::16S_rRNA::Ga0171772_101:27275-28755(+)	100.000	374	0	0	1	374	473	846	0.0	691
8e8c9fdc7c501094f3925d17e4ab91b0	HLI.IMG_2716884705.114257::16S_rRNA::Ga0171771_133:896-2376(-)	100.000	374	0	0	1	374	473	846	0.0	691
8e8c9fdc7c501094f3925d17e4ab91b0	HLI.IMG_2716884647.114199::16S_rRNA::Ga0171779_104:4176-5656(-)	100.000	374	0	0	1	374	473	846	0.0	691
8e8c9fdc7c501094f3925d17e4ab91b0	HLI.IMG_2716884646.114198::16S_rRNA::Ga0171776_102:11071-12551(+)	100.000	374	0	0	1	374	473	846	0.0	691
44369269b45b7e1a562a501cea30045e	HLII.IMG_2716884422.113970::16S_rRNA::Ga0171947_103:23298-24778(+)	100.000	374	0	0	1	374	473	846	0.0	691
44369269b45b7e1a562a501cea30045e	HLII.IMG_2716884412.113960::16S_rRNA::Ga0171932_133:5309-6789(-)	100.000	374	0	0	1	374	473	846	0.0	691
44369269b45b7e1a562a501cea30045e	HLII.IMG_2667527258.86020::16S_rRNA::Ga0115727_104:35252-36732(+)	100.000	374	0	0	1	374	473	846	0.0	691
ad7a812323880fdbfb5bb08777efac8e	HLII.IMG_2667527337.86099::16S_rRNA::Ga0115698_106:11098-12578(+)	100.000	374	0	0	1	374	473	846	0.0	691
ad7a812323880fdbfb5bb08777efac8e	HLII.IMG_2667527251.86013::16S_rRNA::Ga0115720_125:350-1830(-)	100.000	374	0	0	1	374	473	846	0.0	691
165d53a3627c5b13dc0e4d43a9585b35	LLI.IMG_2716884451.113999::16S_rRNA::Ga0171993_114:8086-9566(-)	100.000	374	0	0	1	374	473	846	0.0	691
165d53a3627c5b13dc0e4d43a9585b35	LLI.IMG_2716884426.113974::16S_rRNA::Ga0171952_106:28856-30336(+)	100.000	374	0	0	1	374	473	846	0.0	691
165d53a3627c5b13dc0e4d43a9585b35	LLI.IMG_2716884269.113814::16S_rRNA::Ga0171970_110:23212-24692(-)	100.000	374	0	0	1	374	473	846	0.0	691
165d53a3627c5b13dc0e4d43a9585b35	LLI.IMG_2681812900.89833::16S_rRNA::Ga0131674_11:1696420-1697900(+)	100.000	374	0	0	1	374	473	846	0.0	691
165d53a3627c5b13dc0e4d43a9585b35	LLI.IMG_2681812899.89832::16S_rRNA::Ga0131673_11:1718300-1719780(+)	100.000	374	0	0	1	374	473	846	0.0	691
165d53a3627c5b13dc0e4d43a9585b35	LLI.IMG_2667527361.86123::16S_rRNA::Ga0115797_101:95015-96495(+)	100.000	374	0	0	1	374	473	846	0.0	691
165d53a3627c5b13dc0e4d43a9585b35	LLI.IMG_2667527261.86023::16S_rRNA::Ga0115730_105:25164-26644(+)	100.000	374	0	0	1	374	473	846	0.0	691
165d53a3627c5b13dc0e4d43a9585b35	LLI.IMG_2667527256.86018::16S_rRNA::Ga0115725_120:8936-10416(-)	100.000	374	0	0	1	374	473	846	0.0	691
5cadb906e927ec37f15cd2b07b7d9da3	HLII.IMG_2681813573.91170::16S_rRNA::Ga0132166_11:1477493-1478973(+)	100.000	374	0	0	1	374	473	846	0.0	691
5cadb906e927ec37f15cd2b07b7d9da3	HLII.IMG_2667527272.86034::16S_rRNA::Ga0115745_111:17156-18636(+)	100.000	374	0	0	1	374	473	846	0.0	691
5cadb906e927ec37f15cd2b07b7d9da3	HLII.IMG_2667527267.86029::16S_rRNA::Ga0115739_136:3961-5441(-)	100.000	374	0	0	1	374	473	846	0.0	691
31f1c6b0fc2ac518e94e7cadfe7f28a1	HLII.IMG_2716884437.113985::16S_rRNA::Ga0171968_134:1-1454(+)	100.000	374	0	0	1	374	446	819	0.0	691
31f1c6b0fc2ac518e94e7cadfe7f28a1	HLII.IMG_2667527304.86066::16S_rRNA::Ga0115778_101:493224-494704(+)	100.000	374	0	0	1	374	473	846	0.0	691
1401cfd6a11ecc38fc403120fd9baf85	HLII.IMG_2667527340.86102::16S_rRNA::Ga0115701_101:92968-94448(-)	100.000	374	0	0	1	374	473	846	0.0	691
f7b6a808234394e3ac9ebc0f3232bba1	Prochlorococcus-LL-unclassified.IMG_2716884749.114301::16S_rRNA::Ga0171890_103:83976-85456(+)	100.000	374	0	0	1	374	473	846	0.0	691
f7b6a808234394e3ac9ebc0f3232bba1	Prochlorococcus-LL-unclassified.IMG_2716884748.114300::16S_rRNA::Ga0171889_103:72943-74423(-)	100.000	374	0	0	1	374	473	846	0.0	691
f7b6a808234394e3ac9ebc0f3232bba1	Prochlorococcus-LL-unclassified.IMG_2716884747.114299::16S_rRNA::Ga0171888_114:0-1385(+)	100.000	374	0	0	1	374	378	751	0.0	691
f7b6a808234394e3ac9ebc0f3232bba1	Prochlorococcus-LL-unclassified.IMG_2716884745.114297::16S_rRNA::Ga0171886_114:9708-11188(+)	100.000	374	0	0	1	374	473	846	0.0	691
f7b6a808234394e3ac9ebc0f3232bba1	Prochlorococcus-LL-unclassified.IMG_2716884740.114292::16S_rRNA::Ga0171881_108:17400-18880(+)	100.000	374	0	0	1	374	473	846	0.0	691
f7b6a808234394e3ac9ebc0f3232bba1	Prochlorococcus-LL-unclassified.IMG_2716884439.113987::16S_rRNA::Ga0171974_104:42395-43875(-)	100.000	374	0	0	1	374	473	846	0.0	691
f7b6a808234394e3ac9ebc0f3232bba1	Prochlorococcus-LL-unclassified.IMG_2716884398.113946::16S_rRNA::Ga0171901_106:51539-53019(+)	100.000	374	0	0	1	374	473	846	0.0	691
f7b6a808234394e3ac9ebc0f3232bba1	Prochlorococcus-LL-unclassified.IMG_2716884396.113944::16S_rRNA::Ga0171899_105:7853-9333(+)	100.000	374	0	0	1	374	473	846	0.0	691
f7b6a808234394e3ac9ebc0f3232bba1	Prochlorococcus-LL-unclassified.IMG_2716884394.113942::16S_rRNA::Ga0171897_102:258710-260190(+)	100.000	374	0	0	1	374	473	846	0.0	691
f7b6a808234394e3ac9ebc0f3232bba1	Prochlorococcus-LL-unclassified.IMG_2716884393.113941::16S_rRNA::Ga0171896_101:118383-119863(+)	100.000	374	0	0	1	374	473	846	0.0	691
f7b6a808234394e3ac9ebc0f3232bba1	Prochlorococcus-LL-unclassified.IMG_2716884389.113937::16S_rRNA::Ga0171874_102:68516-69996(-)	100.000	374	0	0	1	374	473	846	0.0	691
f7b6a808234394e3ac9ebc0f3232bba1	Prochlorococcus-LL-unclassified.IMG_2716884388.113936::16S_rRNA::Ga0171872_109:39858-41338(+)	100.000	374	0	0	1	374	473	846	0.0	691
f7b6a808234394e3ac9ebc0f3232bba1	Prochlorococcus-LL-unclassified.IMG_2681813572.91169::16S_rRNA::Ga0132165_11:928418-929898(-)	100.000	374	0	0	1	374	473	846	0.0	691
f7b6a808234394e3ac9ebc0f3232bba1	Prochlorococcus-LL-unclassified.IMG_2667527371.86133::16S_rRNA::Ga0115808_120:15932-17412(+)	100.000	374	0	0	1	374	473	846	0.0	691
f7b6a808234394e3ac9ebc0f3232bba1	Prochlorococcus-LL-unclassified.IMG_2667527319.86081::16S_rRNA::Ga0115825_124:10826-12306(-)	100.000	374	0	0	1	374	473	846	0.0	691
f7b6a808234394e3ac9ebc0f3232bba1	Prochlorococcus-LL-unclassified.IMG_2667527315.86077::16S_rRNA::Ga0115821_102:106553-108033(+)	100.000	374	0	0	1	374	473	846	0.0	691
912dc151e3ecdf57069e8103e82ca984	HLII.IMG_2716884755.114307::16S_rRNA::Ga0171904_106:424-1904(+)	100.000	374	0	0	1	374	473	846	0.0	691
912dc151e3ecdf57069e8103e82ca984	HLII.IMG_2716884401.113949::16S_rRNA::Ga0171919_106:34635-36115(+)	100.000	374	0	0	1	374	473	846	0.0	691
912dc151e3ecdf57069e8103e82ca984	HLII.IMG_2667527356.86118::16S_rRNA::Ga0115792_106:18437-19917(-)	100.000	374	0	0	1	374	473	846	0.0	691
912dc151e3ecdf57069e8103e82ca984	HLII.IMG_2606217677.58638::16S_rRNA::Ga0062469_12:309061-310541(-)	100.000	374	0	0	1	374	473	846	0.0	691
cfc527a99e1c21350a5ebef011e06412	HLVI.IMG_2716884441.113989::16S_rRNA::Ga0171976_110:46053-47533(-)	100.000	374	0	0	1	374	473	846	0.0	691
4dafd5893edae9c64fdfa64983bd78df	Prochlorococcus-LL-unclassified.IMG_2716884753.114305::16S_rRNA::Ga0171894_110:37596-39076(+)	100.000	374	0	0	1	374	473	846	0.0	691
4dafd5893edae9c64fdfa64983bd78df	Prochlorococcus-LL-unclassified.IMG_2716884470.114018::16S_rRNA::Ga0172025_101:84187-85667(+)	100.000	374	0	0	1	374	473	846	0.0	691
4dafd5893edae9c64fdfa64983bd78df	Prochlorococcus-LL-unclassified.IMG_2716884465.114013::16S_rRNA::Ga0172020_109:26323-27803(+)	100.000	374	0	0	1	374	473	846	0.0	691
3441b55697a9ee5d7140a1b463d8513e	LLI.IMG_2716884375.113923::16S_rRNA::Ga0171853_104:103848-105328(+)	100.000	374	0	0	1	374	473	846	0.0	691
3441b55697a9ee5d7140a1b463d8513e	LLI.IMG_2667527259.86021::16S_rRNA::Ga0115728_101:245518-246998(-)	100.000	374	0	0	1	374	473	846	0.0	691
6fdd688da33b366b837859cad836462a	CDR2.IMG_2716884670.114222::16S_rRNA::Ga0171714_1070:478-1959(+)	100.000	374	0	0	1	374	474	847	0.0	691
6fdd688da33b366b837859cad836462a	CDR2.IMG_2716884666.114218::16S_rRNA::Ga0171702_1001:36783-38264(-)	100.000	374	0	0	1	374	474	847	0.0	691
6fdd688da33b366b837859cad836462a	CDR2.IMG_2716884624.114176::16S_rRNA::Ga0171717_107:23133-24614(-)	100.000	374	0	0	1	374	474	847	0.0	691
6fdd688da33b366b837859cad836462a	CDR2.IMG_2716884623.114175::16S_rRNA::Ga0171715_107:8294-9775(+)	100.000	374	0	0	1	374	474	847	0.0	691
6fdd688da33b366b837859cad836462a	CDR2.IMG_2716884619.114171::16S_rRNA::Ga0171706_106:20964-22445(+)	100.000	374	0	0	1	374	474	847	0.0	691
6fdd688da33b366b837859cad836462a	CDR2.IMG_2716884617.114169::16S_rRNA::Ga0171703_167:3869-5350(-)	100.000	374	0	0	1	374	474	847	0.0	691
6fdd688da33b366b837859cad836462a	CDR2.IMG_2716884616.114168::16S_rRNA::Ga0171701_1001:30650-32131(+)	100.000	374	0	0	1	374	474	847	0.0	691
f3399ce18b77f44e4fdaccbdb788a907	LLI.IMG_2716884376.113924::16S_rRNA::Ga0171854_117:15281-16761(-)	100.000	374	0	0	1	374	473	846	0.0	691
59000d30375ebfd9e94ed88a49480fc4	LLII-III.IMG_2716884733.114285::16S_rRNA::Ga0171862_104:61333-62813(+)	100.000	374	0	0	1	374	473	846	0.0	691
59000d30375ebfd9e94ed88a49480fc4	LLII-III.IMG_2716884271.113816::16S_rRNA::Ga0171972_110:8928-10408(-)	100.000	374	0	0	1	374	473	846	0.0	691
d8a85737429d1e36e5f90957de90847d	HLI.IMG_2716884409.113957::16S_rRNA::Ga0171929_106:3397-4877(-)	100.000	374	0	0	1	374	473	846	0.0	691
ef04494de44f4f7489ba0338581a9e4c	Prochlorococcus-LL-unclassified.IMG_2716884737.114289::16S_rRNA::Ga0171873_104:15258-16738(+)	100.000	374	0	0	1	374	473	846	0.0	691
ef04494de44f4f7489ba0338581a9e4c	Prochlorococcus-LL-unclassified.IMG_2716884391.113939::16S_rRNA::Ga0171876_103:65251-66731(-)	100.000	374	0	0	1	374	473	846	0.0	691
ef04494de44f4f7489ba0338581a9e4c	5.1B-VII.IMG_2823447967.Ga0248433::16S_rRNA::Ga0248433_23:2663-4143(-)	100.000	374	0	0	1	374	473	846	0.0	691
ef04494de44f4f7489ba0338581a9e4c	5.1B-VII.IMG_2716884675.114227::16S_rRNA::Ga0171726_109:23556-25036(+)	100.000	374	0	0	1	374	473	846	0.0	691
ef04494de44f4f7489ba0338581a9e4c	5.1B-VII.IMG_2716884672.114224::16S_rRNA::Ga0171718_116:11560-13040(-)	100.000	374	0	0	1	374	473	846	0.0	691
ef04494de44f4f7489ba0338581a9e4c	5.1B-VII.IMG_2716884668.114220::16S_rRNA::Ga0171712_107:38944-40424(+)	100.000	374	0	0	1	374	473	846	0.0	691
ef04494de44f4f7489ba0338581a9e4c	5.1B-VII.IMG_2716884667.114219::16S_rRNA::Ga0171707_156:498-1978(+)	100.000	374	0	0	1	374	473	846	0.0	691
ef04494de44f4f7489ba0338581a9e4c	5.1B-VII.IMG_2716884621.114173::16S_rRNA::Ga0171710_105:38499-39979(+)	100.000	374	0	0	1	374	473	846	0.0	691
ef04494de44f4f7489ba0338581a9e4c	5.1B-VII.IMG_2716884620.114172::16S_rRNA::Ga0171708_111:9329-10809(-)	100.000	374	0	0	1	374	473	846	0.0	691
ef04494de44f4f7489ba0338581a9e4c	5.1B-VII.IMG_2716884618.114170::16S_rRNA::Ga0171705_103:88497-89977(+)	100.000	374	0	0	1	374	473	846	0.0	691
ef04494de44f4f7489ba0338581a9e4c	5.1B-VII.IMG_2716884615.114167::16S_rRNA::Ga0171700_157:3807-5287(-)	100.000	374	0	0	1	374	473	846	0.0	691
ef04494de44f4f7489ba0338581a9e4c	5.1B-VII.IMG_2716884613.114165::16S_rRNA::Ga0171698_142:3807-5287(-)	100.000	374	0	0	1	374	473	846	0.0	691
ef04494de44f4f7489ba0338581a9e4c	5.1B-VII.IMG_2716884257.113802::16S_rRNA::Ga0171704_105:24238-25718(+)	100.000	374	0	0	1	374	473	846	0.0	691
7f6c0c883fc13abdd9e85799ec2d4bb1	LLII-III.IMG_2716884442.113990::16S_rRNA::Ga0171977_112:10615-12095(+)	100.000	374	0	0	1	374	473	846	0.0	691
7f6c0c883fc13abdd9e85799ec2d4bb1	LLII-III.IMG_2681812902.89837::16S_rRNA::Ga0131677_11:1605407-1606887(+)	100.000	374	0	0	1	374	473	846	0.0	691
aa4d330af8d6e2a9242c94b543a798d7	Prochlorococcus-LL-unclassified.IMG_2716884399.113947::16S_rRNA::Ga0171902_104:13949-15429(-)	100.000	374	0	0	1	374	473	846	0.0	691
aa4d330af8d6e2a9242c94b543a798d7	Prochlorococcus-LL-unclassified.IMG_2667527370.86132::16S_rRNA::Ga0115807_121:3729-5209(-)	100.000	374	0	0	1	374	473	846	0.0	691
b5d6843765969c231890371baecb938e	Prochlorococcus-LL-unclassified.IMG_2716884694.114246::16S_rRNA::Ga0171755_141:130-1610(-)	100.000	374	0	0	1	374	473	846	0.0	691
b5d6843765969c231890371baecb938e	Prochlorococcus-LL-unclassified.IMG_2716884692.114244::16S_rRNA::Ga0171751_102:53622-55102(-)	100.000	374	0	0	1	374	473	846	0.0	691
b5d6843765969c231890371baecb938e	Prochlorococcus-LL-unclassified.IMG_2716884690.114242::16S_rRNA::Ga0171749_132:2599-4079(-)	100.000	374	0	0	1	374	473	846	0.0	691
b5d6843765969c231890371baecb938e	LLI.IMG_2667527342.86104::16S_rRNA::Ga0115736_111:10323-11803(+)	100.000	374	0	0	1	374	473	846	0.0	691
b5d6843765969c231890371baecb938e	LLI.IMG_2667527281.86043::16S_rRNA::Ga0115754_118:12886-14366(-)	100.000	374	0	0	1	374	473	846	0.0	691
69726851d03fb48301c6e96902a71256	Prochlorococcus-LL-unclassified.IMG_2716884386.113934::16S_rRNA::Ga0171869_114:16646-18126(-)	100.000	374	0	0	1	374	473	846	0.0	691
69726851d03fb48301c6e96902a71256	Prochlorococcus-LL-unclassified.IMG_2681813570.91167::16S_rRNA::Ga0132163_11:781398-782878(-)	100.000	374	0	0	1	374	473	846	0.0	691
69726851d03fb48301c6e96902a71256	Prochlorococcus-LL-unclassified.IMG_2667527314.86076::16S_rRNA::Ga0115820_107:34909-36389(+)	100.000	374	0	0	1	374	473	846	0.0	691
952887a762ab19408796d5291045f065	LLIV.IMG_2848260806.Ga0248428::16S_rRNA::Ga0248428_15:611-2091(+)	100.000	374	0	0	1	374	473	846	0.0	691
952887a762ab19408796d5291045f065	LLIV.IMG_2846840728.Ga0248431::16S_rRNA::Ga0248431_12:604-2084(+)	100.000	374	0	0	1	374	473	846	0.0	691
952887a762ab19408796d5291045f065	LLIV.IMG_2843619055.Ga0248430::16S_rRNA::Ga0248430_16:4082-5562(-)	100.000	374	0	0	1	374	473	846	0.0	691
952887a762ab19408796d5291045f065	LLIV.IMG_2840559756.Ga0248426::16S_rRNA::Ga0248426_19:616-2096(+)	100.000	374	0	0	1	374	473	846	0.0	691
952887a762ab19408796d5291045f065	LLIV.IMG_2838749893.Ga0248425::16S_rRNA::Ga0248425_03:4081-5561(-)	100.000	374	0	0	1	374	473	846	0.0	691
952887a762ab19408796d5291045f065	LLIV.IMG_2716884761.114313::16S_rRNA::Ga0171910_108:9463-10943(-)	100.000	374	0	0	1	374	473	846	0.0	691
952887a762ab19408796d5291045f065	LLIV.IMG_2716884444.113992::16S_rRNA::Ga0171979_1015:17680-19160(+)	100.000	374	0	0	1	374	473	846	0.0	691
952887a762ab19408796d5291045f065	LLIV.IMG_2716884427.113975::16S_rRNA::Ga0171953_104:21535-23015(+)	100.000	374	0	0	1	374	473	846	0.0	691
952887a762ab19408796d5291045f065	LLIV.IMG_2716884270.113815::16S_rRNA::Ga0171971_1004:22324-23804(+)	100.000	374	0	0	1	374	473	846	0.0	691
952887a762ab19408796d5291045f065	LLIV.IMG_2681813569.91166::16S_rRNA::Ga0132162_1053:60964-62444(-)	100.000	374	0	0	1	374	473	846	0.0	691
952887a762ab19408796d5291045f065	LLIV.IMG_2681812928.89983::16S_rRNA::Ga0131804_115:611-2091(+)	100.000	374	0	0	1	374	473	846	0.0	691
da500ac57012d95dd06c435f2c67e6a7	LLIV.IMG_2843616342.Ga0248429::16S_rRNA::Ga0248429_11:616-2096(+)	100.000	374	0	0	1	374	473	846	0.0	691
da500ac57012d95dd06c435f2c67e6a7	LLIV.IMG_2834897128.Ga0248424::16S_rRNA::Ga0248424_09:616-2097(+)	100.000	374	0	0	1	374	474	847	0.0	691
da500ac57012d95dd06c435f2c67e6a7	LLIV.IMG_2716884471.114019::16S_rRNA::Ga0172026_105:4842-6322(-)	100.000	374	0	0	1	374	473	846	0.0	691
da500ac57012d95dd06c435f2c67e6a7	LLIV.IMG_2716884464.114012::16S_rRNA::Ga0172019_102:106810-108174(+)	100.000	374	0	0	1	374	474	847	0.0	691
da500ac57012d95dd06c435f2c67e6a7	LLIV.IMG_2681813566.91163::16S_rRNA::Ga0132159_1034:83304-84784(-)	100.000	374	0	0	1	374	473	846	0.0	691
da500ac57012d95dd06c435f2c67e6a7	LLIV.IMG_2681812923.89978::16S_rRNA::Ga0131799_109:616-2097(+)	100.000	374	0	0	1	374	474	847	0.0	691
da500ac57012d95dd06c435f2c67e6a7	LLIV.IMG_2606217684.58645::16S_rRNA::Ga0062466_152:4035-5515(-)	100.000	374	0	0	1	374	473	846	0.0	691
da500ac57012d95dd06c435f2c67e6a7	LLIV.IMG_2606217682.58643::16S_rRNA::Ga0062460_151:3980-5460(-)	100.000	374	0	0	1	374	473	846	0.0	691
da500ac57012d95dd06c435f2c67e6a7	LLIV.IMG_2606217681.58642::16S_rRNA::Ga0062461_157:4033-5513(-)	100.000	374	0	0	1	374	473	846	0.0	691
9d860c16e36414417527beb77003fade	LLII-III.IMG_2681813571.91168::16S_rRNA::Ga0132164_102:317678-319158(+)	100.000	374	0	0	1	374	473	846	0.0	691
9f3328b9fd38b2245af4621561f459cc	LLII-III.IMG_2716884751.114303::16S_rRNA::Ga0171892_104:33405-34885(-)	100.000	374	0	0	1	374	473	846	0.0	691
9f3328b9fd38b2245af4621561f459cc	LLII-III.IMG_2716884392.113940::16S_rRNA::Ga0171877_101:84708-86188(+)	100.000	374	0	0	1	374	473	846	0.0	691
77e1167bf8c3e186e2cb099a921b5b3e	HLII.IMG_2716884727.114279::16S_rRNA::Ga0171840_101:53647-55127(-)	100.000	374	0	0	1	374	473	846	0.0	691
b44d953b99fc8e44d7b46b8e98a869ed	5.1A-III-XV.IMG_2716884611.114163::16S_rRNA::Ga0171696_1020:15602-17082(+)	100.000	374	0	0	1	374	474	847	0.0	691
9dcdaa4c7f6011088f2ff586e8bde272	Prochlorococcus-HL-unclassified.IMG_2716884766.114318::16S_rRNA::Ga0171915_102:69015-70495(-)	100.000	374	0	0	1	374	473	846	0.0	691
514e257de771c1c7634b4b10876c0e9e	Prochlorococcus-LL-unclassified.IMG_2716884462.114010::16S_rRNA::Ga0172017_109:8328-9808(-)	100.000	374	0	0	1	374	473	846	0.0	691
514e257de771c1c7634b4b10876c0e9e	Prochlorococcus-LL-unclassified.IMG_2667527311.86073::16S_rRNA::Ga0115817_102:21402-22882(-)	100.000	374	0	0	1	374	473	846	0.0	691
e5596729028d55d5eace4e04efe05bb1	Prochlorococcus-LL-unclassified.IMG_2716884395.113943::16S_rRNA::Ga0171898_101:127255-128735(-)	100.000	374	0	0	1	374	473	846	0.0	691
e5596729028d55d5eace4e04efe05bb1	Prochlorococcus-LL-unclassified.IMG_2667527320.86082::16S_rRNA::Ga0115826_101:147560-149040(+)	100.000	374	0	0	1	374	473	846	0.0	691
00a83ca9385ba5242c7650322b7d699f	Prochlorococcus-LL-unclassified.IMG_2716884397.113945::16S_rRNA::Ga0171900_105:16027-17507(-)	100.000	374	0	0	1	374	473	846	0.0	691
00a83ca9385ba5242c7650322b7d699f	5.1B-VII.IMG_2823444214.Ga0248434::16S_rRNA::Ga0248434_22:522-2002(+)	100.000	374	0	0	1	374	473	846	0.0	691
00a83ca9385ba5242c7650322b7d699f	5.1B-VII.IMG_2823440501.Ga0248432::16S_rRNA::Ga0248432_25:598-2078(+)	100.000	374	0	0	1	374	473	846	0.0	691
4cbfac6af4f8991217fc3df9416aa243	LLII-III.IMG_2667527365.86127::16S_rRNA::Ga0115801_135:0-857(-)	100.000	374	0	0	1	374	473	846	0.0	691
5266d2eb1790a6a99ff0623f75e9ef1b	LLII-III.IMG_2716884267.113812::16S_rRNA::Ga0171954_125:6683-8163(+)	100.000	374	0	0	1	374	473	846	0.0	691
9bbdb9accefe3cf4f38fa0a237f15d43	5.1A-I.IMG_2716884680.114232::16S_rRNA::Ga0171733_105:33881-35361(+)	100.000	374	0	0	1	374	473	846	0.0	691
9bbdb9accefe3cf4f38fa0a237f15d43	5.1A-I.IMG_2716884626.114178::16S_rRNA::Ga0171720_1071:1-1111(+)	100.000	374	0	0	1	374	103	476	0.0	691
cbe2770b95f48037105ae0a10b50fd0d	LLII-III.IMG_2716884736.114288::16S_rRNA::Ga0171871_101:73562-75042(-)	100.000	374	0	0	1	374	473	846	0.0	691
048fe1bac09c110c8832aa2e559f451f	HLI.IMG_2716884445.113993::16S_rRNA::Ga0171982_104:93864-95344(+)	100.000	374	0	0	1	374	473	846	0.0	691
d622ad6d7dc3982eb4bc9b673c34c4eb	LLII-III.IMG_2606217685.58646::16S_rRNA::Ga0062465_110:228089-229569(-)	100.000	374	0	0	1	374	473	846	0.0	691
d622ad6d7dc3982eb4bc9b673c34c4eb	LLII-III.IMG_2606217315.58276::16S_rRNA::Ga0062477_103:49-1529(+)	100.000	374	0	0	1	374	473	846	0.0	691
d622ad6d7dc3982eb4bc9b673c34c4eb	LLII-III.IMG_2606217314.58275::16S_rRNA::Ga0062476_108:223893-225373(-)	100.000	374	0	0	1	374	473	846	0.0	691
d622ad6d7dc3982eb4bc9b673c34c4eb	LLII-III.IMG_2606217313.58274::16S_rRNA::Ga0062475_118:251429-252909(+)	100.000	374	0	0	1	374	473	846	0.0	691
d622ad6d7dc3982eb4bc9b673c34c4eb	LLII-III.IMG_2606217311.58272::16S_rRNA::Ga0062478_18:336527-338007(+)	100.000	374	0	0	1	374	473	846	0.0	691
